param,hmc_mean,hmc_sd,hmc_q05,hmc_q50,hmc_q95,vi_q05,vi_q50,vi_q95,vi_mean,vi_sd,mean_delta_vi_minus_hmc,sd_ratio_vi_over_hmc
gamma_base,0.225029,0.018906,0.191579,0.226726,0.254968,0.30342405,0.3124905,0.32048885,0.312254725,0.005252629305419352,0.087225725,0.2778286948809559
alpha,0.820957,0.023707,0.784034,0.821046,0.857045,0.6910006,0.702464,0.71308795,0.702218025,0.006888107357292132,-0.11873897500000008,0.2905516243005075
beta_time,0.949897,0.042145,0.886905,0.943519,1.01477,0.8932958,0.9668954999999999,1.0387339999999998,0.96617987125,0.044702294754576974,0.016282871250000053,1.060678485100889
mu_log_time,5.854604,0.006747,5.8434,5.8543,5.86594,5.818498,5.829475,5.8403585,5.829729325000001,0.006614909964366154,-0.024874674999999513,0.9804224046785466
sigma_log_time,0.995295,0.004956,0.98738,0.995292,1.00323,0.98634205,0.9962044999999999,1.005271,0.9960716550000001,0.005783919007674137,0.000776655000000015,1.1670538756404634
