model,n_obs,elpd_mc_sum
this,21559,-13327.718202006225
other,10000,-5856.737076931342
