metric,value
elpd_sum_mc,-13327.718202006225
elpd_per_obs_mc,-0.6181974211237174
