n_draws,ppc_mean_of_draw_means,ppc_sd,observed_response_mean,abs_diff
600,0.48265921424926944,0.004520170485461778,0.4821,0.0005592142492694685
