student,mean_of_means
1,-0.2166923464420773
2,-0.22970756819463767
3,-0.23790169342359177
