,gamma_base,alpha,beta_time,mu_log_time,sigma_log_time
count,800.0,800.0,800.0,800.0,800.0
mean,0.29422509375,0.8777398862500001,0.8749823800000001,5.917622725,1.03248775
std,0.006693314972912839,0.011926974733085733,0.06767691403118262,0.009866575049295426,0.006026441232594274
min,0.274738,0.832915,0.652227,5.8853,1.0158
25%,0.2896965,0.870093,0.830432,5.9115475,1.02804
50%,0.29442749999999995,0.8781464999999999,0.8768235,5.91749,1.03217
75%,0.29863125,0.8859257500000001,0.92151925,5.9239025,1.036605
max,0.316181,0.914959,1.1258,5.94433,1.05438
