model,n_obs,elpd_mc_sum
this,25312,-14334.600795189253
other,10000,-5856.737076931342
