metric,value
elpd_sum_mc,-14334.600795189253
elpd_per_obs_mc,-0.5663164030969206
