n_draws,ppc_mean_of_draw_means,ppc_sd,observed_response_mean,abs_diff
600,0.32091195217024865,0.004098373095405715,0.3204,0.0005119521702486307
