student,mean_of_means
1,-2.3197927001469614
2,-2.3085122626597796
3,-1.9366777583169685
