metric,value
elpd_sum_mc,-5759.083152086503
elpd_per_obs_mc,-0.5759083152086503
