n_draws,ppc_mean_of_draw_means,ppc_sd,observed_response_mean,abs_diff
600,0.4393430000000001,0.006122861535996191,0.4379,0.001443000000000083
