student,mean_of_means
1,-0.38516865924559757
2,-0.2986310276959715
3,-0.3256037497980072
