metric,value
elpd_sum_mc,-5856.737076931342
elpd_per_obs_mc,-0.5856737076931342
