n_draws,ppc_mean_of_draw_means,ppc_sd,observed_response_mean,abs_diff
600,0.43799416666666674,0.006610171953965383,0.4379,9.416666666672846e-05
