i,mean,sd,q05,q50,q95,neff,rhat,skill,skill_name
1,1.01984,1.05281,0.0551906,0.712928,2.9554,540.633,1.00023,1,Maths
2,1.3034,0.165758,1.0492,1.28972,1.59502,125.737,1.01695,2,Number
3,1.59245,0.361892,1.0699,1.55498,2.23163,112.484,1.00096,3,Algebra
4,0.677222,0.243543,0.274032,0.670846,1.0836,59.9799,1.04171,4,Geometry and Measure
5,1.79734,0.484309,1.05158,1.75131,2.6119,157.791,1.00054,5,Data and Statistics
6,1.22647,1.18966,0.0528642,0.876729,3.68975,439.026,1.00094,6,Advanced Pure
7,1.00428,0.985644,0.0640074,0.703468,2.92929,737.896,0.999068,7,Advanced Mechanics
8,1.02562,0.990787,0.0607266,0.719492,2.87918,930.839,0.999184,8,Advanced Statistics
9,0.921926,0.981678,0.0430815,0.597395,2.91466,1042.81,0.998453,9,Physics
