student,mean_of_means
1,-0.9897426686957407
2,-0.7163787230555555
3,-1.045217492699389
